FLUXO DE CAIXA;Previsto (R$);Realizado (R$);Previsto (R$);Realizado (R$);Previsto (R$);Realizado (R$);Previsto (R$);Realizado (R$);Previsto (R$);Realizado (R$);Previsto (R$);Realizado (R$);Previsto (R$);Realizado (R$);Previsto (R$);Realizado (R$);Previsto (R$);Realizado (R$);Previsto (R$);Realizado (R$);Previsto (R$);Realizado (R$);Previsto (R$);Realizado (R$);Previsto (R$);Realizado (R$)
CATEGORIAS;JAN/2026;JAN/2026;FEV/2026;FEV/2026;MAR/2026;MAR/2026;ABR/2026;ABR/2026;MAI/2026;MAI/2026;JUN/2026;JUN/2026;JUL/2026;JUL/2026;AGO/2026;AGO/2026;SET/2026;SET/2026;OUT/2026;OUT/2026;NOV/2026;NOV/2026;DEZ/2026;DEZ/2026;Total;Total
Saldo do Mês Anterior;43.623.381,07;43.056.714,77;44.355.007,16;43.738.005,54;45.238.755,77;44.550.139,54;46.056.307,70;45.421.888,85;47.045.349,47;46.280.666,69;47.956.433,14;47.248.855,22;49.020.292,11;48.172.760,29;49.820.237,91;49.030.780,96;50.701.808,14;49.133.079,89;50.831.877,27;49.133.079,89;50.844.189,28;49.133.079,89;50.844.189,13;49.133.079,89;;
Total de Recebimentos;937.423,13;887.137,81;1.034.558,63;962.850,72;989.665,00;1.047.087,77;1.191.862,33;1.063.979,33;1.082.832,27;1.134.824,11;1.223.225,25;1.083.569,74;1.060.960,18;1.124.996,12;939.920,95;146.773,84;130.069,28;0,00;12.312,16;0,00;0,00;0,00;0,00;0,00;8.602.829,18;7.451.219,44
Encerramento de Contrato;11.767,83;582,16;10.594,34;3.001,81;12.194,95;4.102,82;17.590,68;1.793,35;21.584,31;3.435,90;2.269,07;6.161,05;34.626,42;7.995,08;18.038,73;1.665,61;0,00;0,00;0,00;0,00;0,00;0,00;0,00;0,00;128.666,33;28.737,78
Receitas de Vendas;925.655,30;886.555,65;1.023.964,29;959.848,91;977.470,05;1.042.984,95;1.174.271,65;1.062.185,98;1.061.247,96;1.131.388,21;1.220.956,18;1.077.408,69;1.026.333,76;1.117.001,04;921.882,22;145.108,23;130.069,28;0,00;12.312,16;0,00;0,00;0,00;0,00;0,00;8.474.162,85;7.422.481,66
Caixa;159,00;159,00;252,81;252,81;234,00;234,00;222,93;222,93;420,88;420,88;0,00;0,00;279,86;279,86;120,00;120,00;0,00;0,00;0,00;0,00;0,00;0,00;0,00;0,00;1.689,48;1.689,48
Cartão;878,69;878,69;159,00;159,00;912,66;912,66;1.401,83;1.401,83;1.400,33;1.400,33;390,44;390,44;750,45;750,45;120,00;120,00;0,00;0,00;0,00;0,00;0,00;0,00;0,00;0,00;6.013,40;6.013,40
Depósito;15.608,09;15.608,09;9.208,83;9.208,83;18.419,25;18.419,25;18.964,17;18.964,17;20.330,93;20.330,93;19.361,24;19.361,24;10.838,92;10.838,92;3.491,29;3.491,29;0,00;0,00;0,00;0,00;0,00;0,00;0,00;0,00;116.222,72;116.222,72
Faturamento;907.127,02;868.027,37;1.013.443,65;949.328,27;957.373,14;1.022.888,04;1.146.492,40;1.034.406,73;1.031.567,74;1.101.707,99;1.199.056,02;1.055.508,53;1.014.087,53;1.104.754,81;916.837,03;140.063,04;130.069,28;0,00;12.312,16;0,00;0,00;0,00;0,00;0,00;8.328.365,97;7.276.684,78
Laudos;1.882,50;1.882,50;900,00;900,00;531,00;531,00;7.190,32;7.190,32;7.528,08;7.528,08;2.148,48;2.148,48;377,00;377,00;1.313,90;1.313,90;0,00;0,00;0,00;0,00;0,00;0,00;0,00;0,00;21.871,28;21.871,28
Total de Pagamentos;-205.797,04;-205.847,04;-150.810,02;-150.716,72;-172.113,07;-175.338,46;-202.820,56;-205.201,49;-171.748,60;-166.635,58;-159.366,28;-159.664,67;-261.014,38;-266.975,45;-58.350,72;-44.474,91;-0,15;0,00;-0,15;0,00;-0,15;0,00;-0,15;0,00;-1.382.021,27;-1.374.854,32
Despesas Administrativas e Comerciais;-73.241,61;-73.291,61;-80.983,86;-84.340,56;-80.181,87;-79.957,26;-85.174,49;-87.555,42;-91.357,00;-86.243,98;-79.105,86;-79.404,25;-99.330,30;-105.291,37;-27.999,18;-14.123,43;-0,08;0,00;-0,08;0,00;-0,08;0,00;-0,08;0,00;-617.374,49;-610.207,88
Aluguel;-9.858,44;-9.858,44;-10.423,67;-10.423,67;-10.231,56;-10.231,56;-10.191,56;-10.191,56;-10.918,13;-10.918,13;-10.911,83;-10.911,83;-10.950,65;-10.950,65;-10.903,68;-10.903,68;-0,01;0,00;-0,01;0,00;-0,01;0,00;-0,01;0,00;-84.389,56;-84.389,52
Combustivel e Translados;0,00;0,00;0,00;0,00;-25,00;-25,00;-24,58;-24,58;0,00;0,00;0,00;0,00;0,00;0,00;0,00;0,00;0,00;0,00;0,00;0,00;0,00;0,00;0,00;0,00;-49,58;-49,58
Translado;0,00;0,00;0,00;0,00;-25,00;-25,00;-24,58;-24,58;0,00;0,00;0,00;0,00;0,00;0,00;0,00;0,00;0,00;0,00;0,00;0,00;0,00;0,00;0,00;0,00;-49,58;-49,58
Encargos - Rescisões Trabalhistas;0,00;0,00;0,00;0,00;0,00;0,00;0,00;0,00;0,00;0,00;-1.657,19;-1.657,19;-3.680,68;-3.680,68;0,00;0,00;0,00;0,00;0,00;0,00;0,00;0,00;0,00;0,00;-5.337,87;-5.337,87
Encargos Funcionários - 13o Salário;0,00;0,00;0,00;0,00;0,00;0,00;0,00;0,00;0,00;0,00;0,00;0,00;-13.731,11;-13.731,11;0,00;0,00;0,00;0,00;0,00;0,00;0,00;0,00;0,00;0,00;-13.731,11;-13.731,11
Encargos Funcionários - Alimentação;-2.390,00;-2.440,00;-2.040,00;-3.467,00;-3.467,00;-3.240,00;-3.240,00;-2.080,00;-2.080,00;-2.440,00;-2.860,00;-3.050,00;-3.090,00;-3.760,00;-3.300,00;0,00;-0,01;0,00;-0,01;0,00;-0,01;0,00;-0,01;0,00;-22.467,04;-20.477,00
Encargos Funcionários - FGTS;-2.028,67;-2.028,67;-1.292,81;-1.292,81;-2.238,88;-2.238,88;-2.229,40;-2.229,40;-2.413,82;-2.413,82;-1.565,65;-1.565,65;-1.546,32;-1.546,32;-2.377,25;-2.377,25;-0,01;0,00;-0,01;0,00;-0,01;0,00;-0,01;0,00;-15.692,84;-15.692,80
Encargos Funcionários - Férias;-2.164,19;-2.164,19;-4.411,18;-4.411,18;0,00;0,00;-5.060,35;-5.060,35;0,00;0,00;0,00;0,00;-3.153,27;-3.153,27;0,00;0,00;0,00;0,00;0,00;0,00;0,00;0,00;0,00;0,00;-14.788,99;-14.788,99
Encargos Funcionários - Vale Transporte;0,00;0,00;0,00;0,00;-214,12;-214,12;0,00;0,00;0,00;0,00;-175,50;-175,50;0,00;0,00;0,00;0,00;0,00;0,00;0,00;0,00;0,00;0,00;0,00;0,00;-389,62;-389,62
Encargos Funcionários -GPS;-6.411,77;-6.411,77;-5.679,04;-5.679,04;-6.583,85;-6.583,85;-6.383,44;-6.383,44;-6.443,54;-6.443,54;-6.112,07;-6.112,07;-4.937,43;-4.937,43;-5.176,27;0,00;-0,01;0,00;-0,01;0,00;-0,01;0,00;-0,01;0,00;-47.727,45;-42.551,14
Energia Elétrica;-1.498,70;-1.498,70;-1.725,58;-1.725,58;-1.876,07;-1.876,07;-1.868,13;-1.868,13;-1.210,27;-1.210,27;-1.047,34;-1.047,34;-976,22;-976,22;-842,50;-842,50;-0,02;0,00;-0,02;0,00;-0,02;0,00;-0,02;0,00;-11.044,89;-11.044,81
Impostos - Alvará;-1.119,00;-1.119,00;0,00;0,00;0,00;0,00;0,00;0,00;0,00;0,00;-300,00;-408,39;-433,02;-324,63;0,00;0,00;0,00;0,00;0,00;0,00;0,00;0,00;0,00;0,00;-1.852,02;-1.852,02
Impostos - IPTU/IPVA;0,00;0,00;-11.462,18;-11.462,18;0,00;0,00;0,00;0,00;0,00;0,00;0,00;0,00;0,00;0,00;0,00;0,00;0,00;0,00;0,00;0,00;0,00;0,00;0,00;0,00;-11.462,18;-11.462,18
Licença ou Aluguel de Softwares;0,00;0,00;0,00;0,00;-545,00;-545,00;-300,00;-300,00;0,00;0,00;0,00;0,00;0,00;-5.399,46;-5.399,46;0,00;0,00;0,00;0,00;0,00;0,00;0,00;0,00;0,00;-6.244,46;-6.244,46
Manutenção Equipamentos;0,00;0,00;-149,90;-149,90;0,00;0,00;-1.630,00;-1.630,00;0,00;0,00;-585,00;-585,00;-2.475,00;-2.475,00;0,00;0,00;0,00;0,00;0,00;0,00;0,00;0,00;0,00;0,00;-4.839,90;-4.839,90
Manutenção Equipamentos - Calibração - Enfermagem;0,00;0,00;0,00;0,00;0,00;0,00;0,00;0,00;0,00;0,00;0,00;0,00;-2.025,00;-2.025,00;0,00;0,00;0,00;0,00;0,00;0,00;0,00;0,00;0,00;0,00;-2.025,00;-2.025,00
Manutenção Equipamentos Informática;0,00;0,00;-149,90;-149,90;0,00;0,00;0,00;0,00;0,00;0,00;0,00;0,00;0,00;0,00;0,00;0,00;0,00;0,00;0,00;0,00;0,00;0,00;0,00;0,00;-149,90;-149,90
Manutenção Equipamentos Médicos;0,00;0,00;0,00;0,00;0,00;0,00;-580,00;-580,00;0,00;0,00;-460,00;-460,00;0,00;0,00;0,00;0,00;0,00;0,00;0,00;0,00;0,00;0,00;0,00;0,00;-1.040,00;-1.040,00
Manutenção Equipamentos Não Operacionais;0,00;0,00;0,00;0,00;0,00;0,00;-1.050,00;-1.050,00;0,00;0,00;-125,00;-125,00;-450,00;-450,00;0,00;0,00;0,00;0,00;0,00;0,00;0,00;0,00;0,00;0,00;-1.625,00;-1.625,00
Manutenção Predial;0,00;0,00;-755,00;-755,00;0,00;0,00;-2.570,00;-2.570,00;-257,10;-257,10;-64,00;-64,00;-215,70;-215,70;0,00;0,00;0,00;0,00;0,00;0,00;0,00;0,00;0,00;0,00;-3.861,80;-3.861,80
Manutenção Predial - Elétrica;0,00;0,00;-755,00;-755,00;0,00;0,00;0,00;0,00;0,00;0,00;0,00;0,00;-75,70;-75,70;0,00;0,00;0,00;0,00;0,00;0,00;0,00;0,00;0,00;0,00;-830,70;-830,70
Manutenção Predial - Hidráulica;0,00;0,00;0,00;0,00;0,00;0,00;-850,00;-850,00;0,00;0,00;0,00;0,00;0,00;0,00;0,00;0,00;0,00;0,00;0,00;0,00;0,00;0,00;0,00;0,00;-850,00;-850,00
Manutenção Predial - Reformas, Pinturas, Conservação em Geral;0,00;0,00;0,00;0,00;0,00;0,00;-1.720,00;-1.720,00;-257,10;-257,10;-64,00;-64,00;-140,00;-140,00;0,00;0,00;0,00;0,00;0,00;0,00;0,00;0,00;0,00;0,00;-2.181,10;-2.181,10
Marketing e Publicidade;0,00;0,00;0,00;0,00;0,00;0,00;0,00;0,00;-1.300,00;-1.300,00;0,00;0,00;0,00;0,00;0,00;0,00;0,00;0,00;0,00;0,00;0,00;0,00;0,00;0,00;-1.300,00;-1.300,00
Material Médico;0,00;0,00;0,00;0,00;-25,19;-104,23;-79,04;0,00;0,00;0,00;-248,99;-248,99;-33,50;-33,50;0,00;0,00;0,00;0,00;0,00;0,00;0,00;0,00;0,00;0,00;-386,72;-386,72
Material de Escritório e Limpeza;-2.743,67;-2.743,67;0,00;-1.929,70;-3.462,47;-1.532,77;0,00;-5.473,02;-6.972,96;-1.499,94;-2.398,00;-2.398,00;-4.762,89;-4.762,89;0,00;0,00;0,00;0,00;0,00;0,00;0,00;0,00;0,00;0,00;-20.339,99;-20.339,99
Salários;-44.396,28;-44.396,28;-42.413,79;-42.413,79;-50.898,84;-52.751,89;-50.950,19;-49.097,14;-59.147,29;-59.147,29;-50.549,40;-50.549,40;-48.774,62;-48.774,62;0,00;0,00;0,00;0,00;0,00;0,00;0,00;0,00;0,00;0,00;-347.130,41;-347.130,41
Salários - Folha;-22.596,28;-22.596,28;-20.838,79;-20.838,79;-28.873,84;-30.726,89;-29.150,19;-27.297,14;-36.672,29;-36.672,29;-29.674,40;-29.674,40;-26.949,62;-26.949,62;0,00;0,00;0,00;0,00;0,00;0,00;0,00;0,00;0,00;0,00;-194.755,41;-194.755,41
Salários - Médicos;-21.800,00;-21.800,00;-21.575,00;-21.575,00;-22.025,00;-22.025,00;-21.800,00;-21.800,00;-22.475,00;-22.475,00;-20.875,00;-20.875,00;-21.825,00;-21.825,00;0,00;0,00;0,00;0,00;0,00;0,00;0,00;0,00;0,00;0,00;-152.375,00;-152.375,00
Telefonia/Internet;-528,89;-528,89;-528,71;-528,71;-528,89;-528,89;-528,80;-528,80;-528,89;-528,89;-528,89;-528,89;-518,89;-518,89;-0,02;0,00;-0,02;0,00;-0,02;0,00;-0,02;0,00;-0,02;0,00;-3.692,06;-3.691,96
Água;-102,00;-102,00;-102,00;-102,00;-85,00;-85,00;-119,00;-119,00;-85,00;-85,00;-102,00;-102,00;-51,00;-51,00;0,00;0,00;0,00;0,00;0,00;0,00;0,00;0,00;0,00;0,00;-646,00;-646,00
Despesas de Produtos Vendidos;-130.436,67;-130.436,67;-67.883,05;-64.433,05;-89.645,30;-93.095,30;-115.419,79;-115.419,79;-78.235,35;-78.235,35;-78.350,58;-78.350,58;-159.424,20;-159.424,20;-30.351,51;-30.351,48;-0,04;0,00;-0,04;0,00;-0,04;0,00;-0,04;0,00;-749.746,61;-749.746,42
DV;-3.673,20;-3.673,20;0,00;0,00;0,00;0,00;0,00;0,00;0,00;0,00;0,00;0,00;0,00;0,00;0,00;0,00;0,00;0,00;0,00;0,00;0,00;0,00;0,00;0,00;-3.673,20;-3.673,20
Impostos - CSLL;-22.137,53;-22.137,53;0,00;0,00;0,00;0,00;-8.043,72;-8.043,72;0,00;0,00;0,00;0,00;-29.028,73;-29.028,73;0,00;0,00;0,00;0,00;0,00;0,00;0,00;0,00;0,00;0,00;-59.209,98;-59.209,98
Impostos - Cofins;-17.507,93;-17.507,93;-16.780,24;-16.780,24;-29.630,04;-29.630,04;-18.943,15;-18.943,15;-18.782,52;-18.782,52;-24.961,47;-24.961,47;-18.181,29;-18.181,29;-0,01;0,00;-0,01;0,00;-0,01;0,00;-0,01;0,00;-0,01;0,00;-144.786,69;-144.786,64
Impostos - IRPJ;-40.255,28;-40.255,28;0,00;0,00;0,00;0,00;-47.060,94;-47.060,94;0,00;0,00;0,00;0,00;-51.348,50;-51.348,50;0,00;0,00;0,00;0,00;0,00;0,00;0,00;0,00;0,00;0,00;-138.664,72;-138.664,72
Impostos - IRRF;-6.624,91;-6.624,91;-5.992,65;-5.992,65;-3.145,37;-3.145,37;-3.288,53;-3.288,53;-2.708,73;-2.708,73;-2.738,52;-2.738,52;-2.322,99;-2.322,99;-0,01;0,00;-0,01;0,00;-0,01;0,00;-0,01;0,00;-0,01;0,00;-26.821,75;-26.821,70
Impostos - ISS;-20.227,24;-20.227,24;-21.523,90;-21.523,90;-21.202,99;-21.202,99;-22.591,46;-22.591,46;-24.033,37;-24.033,37;-21.292,59;-21.292,59;-21.071,79;-21.071,79;-21.521,00;-21.521,00;-0,01;0,00;-0,01;0,00;-0,01;0,00;-0,01;0,00;-173.464,38;-173.464,34
Impostos - PIS;-3.793,45;-3.793,45;-3.635,70;-3.635,70;-6.419,89;-6.419,89;-4.104,22;-4.104,22;-4.069,41;-4.069,41;-5.408,17;-5.408,17;-3.939,27;-3.939,27;-0,01;0,00;-0,01;0,00;-0,01;0,00;-0,01;0,00;-0,01;0,00;-31.370,16;-31.370,11
Terceiros;-16.217,13;-16.217,13;-19.950,56;-16.500,56;-29.247,01;-32.697,01;-11.387,77;-11.387,77;-28.641,32;-28.641,32;-23.949,83;-23.949,83;-33.531,63;-33.531,63;-8.830,48;-8.830,48;0,00;0,00;0,00;0,00;0,00;0,00;0,00;0,00;-171.755,73;-171.755,73
Despesas Financeiras;-2.118,76;-2.118,76;-1.943,11;-1.943,11;-2.213,87;-2.213,87;-2.114,98;-2.114,98;-2.120,17;-2.120,17;-1.909,84;-1.909,84;-2.107,97;-2.107,97;-0,03;0,00;-0,03;0,00;-0,03;0,00;-0,03;0,00;-0,03;0,00;-14.528,85;-14.528,70
Despesas Bancárias;-2.118,76;-2.118,76;-1.943,11;-1.943,11;-2.213,87;-2.213,87;-2.114,98;-2.114,98;-2.120,17;-2.120,17;-1.909,84;-1.909,84;-2.107,97;-2.107,97;-0,03;0,00;-0,03;0,00;-0,03;0,00;-0,03;0,00;-0,03;0,00;-14.528,85;-14.528,70
Investimentos;0,00;0,00;0,00;0,00;-72,03;-72,03;0,00;0,00;-36,08;-36,08;0,00;0,00;-151,91;-151,91;0,00;0,00;0,00;0,00;0,00;0,00;0,00;0,00;0,00;0,00;-260,02;-260,02
Móveis e Utensilios;0,00;0,00;0,00;0,00;-72,03;-72,03;0,00;0,00;-36,08;-36,08;0,00;0,00;-151,91;-151,91;0,00;0,00;0,00;0,00;0,00;0,00;0,00;0,00;0,00;0,00;-260,02;-260,02
Reembolso;0,00;0,00;0,00;0,00;0,00;0,00;-111,30;-111,30;0,00;0,00;0,00;0,00;0,00;0,00;0,00;0,00;0,00;0,00;0,00;0,00;0,00;0,00;0,00;0,00;-111,30;-111,30
Geração de Caixa do Período;731.626,09;681.290,77;883.748,61;812.134,00;817.551,93;871.749,31;989.041,77;858.777,84;911.083,67;968.188,53;1.063.858,97;923.905,07;799.945,80;858.020,67;881.570,23;102.298,93;130.069,13;0,00;12.312,01;0,00;-0,15;0,00;-0,15;0,00;7.220.807,91;6.076.365,12
Total de Transferências;0,00;0,00;0,00;0,00;0,00;0,00;0,00;0,00;0,00;0,00;0,00;0,00;0,00;0,00;0,00;0,00;0,00;0,00;0,00;0,00;0,00;0,00;0,00;0,00;0,00;0,00
Saldo Final de Caixa;44.355.007,16;43.738.005,54;45.238.755,77;44.550.139,54;46.056.307,70;45.421.888,85;47.045.349,47;46.280.666,69;47.956.433,14;47.248.855,22;49.020.292,11;48.172.760,29;49.820.237,91;49.030.780,96;50.701.808,14;49.133.079,89;50.831.877,27;49.133.079,89;50.844.189,28;49.133.079,89;50.844.189,13;49.133.079,89;50.844.188,98;49.133.079,89;;
